Earthquake_time,magnitude,latitude,longitude,depth,Earthquake_Location
2018/11/11 22:03,6.3,15.52,-50.03,10,北大西洋
2018/11/12 10:26,3.2,28.23,104.96,7,四川宜宾市兴文县
2018/11/13 19:17,3.8,43.18,87.28,9,新疆乌鲁木齐市乌鲁木齐县
2018/11/15 1:10,4.2,34,83.89,7,西藏阿里地区改则县
2018/11/15 2:47,4.1,43.94,94.34,8,新疆哈密市伊吾县
2018/11/15 5:21,6,55.55,162.05,60,堪察加东岸近海
2018/11/15 7:01,5.4,-2.93,119.45,10,印尼苏拉威西岛
2018/11/15 12:01,3.1,37.58,112.33,5,山西太原市清徐县
2018/11/16 1:59,3.2,35.31,81.18,7,西藏阿里地区日土县
2018/11/16 4:02,6.5,-56.75,-25.65,10,南桑威奇群岛地区
2018/11/16 6:41,2.5,43.73,87.89,24,新疆乌鲁木齐市达坂城区（有感）
2018/11/16 7:09,6.2,-56.11,-122.22,10,南太平洋
2018/11/16 11:26,6.3,-10.44,163.19,11,所罗门群岛
2018/11/16 15:01,4.3,35.52,89.61,9,西藏那曲市安多县
2018/11/18 21:40,3,36.03,82.54,7,新疆和田地区于田县
2018/11/19 0:48,3.2,41.75,81.59,6,新疆阿克苏地区拜城县
2018/11/19 4:25,6.9,-17.98,-178.8,530,斐济群岛地区
2018/11/19 11:17,3.1,42.91,122.38,13,内蒙古通辽市科尔沁左翼后旗
2018/11/19 14:19,4.4,23.96,122.48,16,台湾花莲县海域
2018/11/19 22:29,2.9,27.08,103.27,6,云南昭通市巧家县
2018/11/19 22:40,4,24.32,121.9,23,台湾宜兰县海域
2018/11/20 0:31,3.8,24.54,121.87,11,台湾宜兰县
2018/11/20 6:01,3.3,27.69,102.07,14,四川凉山州西昌市
2018/11/20 19:41,3.2,39.21,74.03,8,新疆克孜勒苏州阿克陶县
2018/11/20 19:55,3.9,32.71,90.08,10,西藏那曲市双湖县
2018/11/21 3:09,5.1,30.4,130.05,120,种子岛附近海域
2018/11/21 5:44,4.3,33.96,84.03,6,西藏阿里地区改则县
2018/11/21 13:31,3,41.79,81.59,15,新疆阿克苏地区拜城县
2018/11/21 14:53,3.7,40.38,78.72,13,新疆阿克苏地区柯坪县
2018/11/21 21:02,3.7,41.71,81.57,7,新疆阿克苏地区拜城县
2018/11/22 2:21,5.7,59.98,-153.35,140,美国阿拉斯加州南部
2018/11/22 11:08,3,41.19,83.69,7,新疆阿克苏地区库车县
2018/11/22 13:09,2.6,28.11,105.06,10,四川宜宾市兴文县
2018/11/22 16:48,4.1,33.6,89.55,9,西藏那曲市双湖县
2018/11/22 17:08,3.1,33.31,90.86,9,青海海西州唐古拉地区
2018/11/23 21:08,3.7,32.87,90.16,7,西藏那曲市安多县
2018/11/24 4:41,3.8,42.39,84.65,8,新疆巴音郭楞州和静县
2018/11/25 11:40,5.8,13.11,-81.24,30,加勒比海
2018/11/25 14:14,5.6,-29.07,-177.29,30,克马德克群岛
2018/11/25 20:23,4.9,44.68,81.5,22,新疆博尔塔拉州博乐市
2018/11/26 0:37,6.3,34.46,45.78,20,伊朗
2018/11/26 4:56,5.4,13.06,-81.12,20,加勒比海
2018/11/26 7:18,3.7,39.73,73.93,7,新疆克孜勒苏州乌恰县
2018/11/26 7:57,6.2,23.28,118.6,20,台湾海峡
2018/11/26 8:15,3.6,23.31,118.6,6,台湾海峡
2018/11/26 10:55,3.4,23.34,118.59,11,台湾海峡
2018/11/26 12:19,3.1,33.32,90.78,9,青海海西州唐古拉地区
2018/11/26 14:08,3.2,29.49,104.49,8,四川自贡市荣县
2018/11/26 20:50,4.5,23.31,118.65,7,台湾海峡
2018/11/26 21:24,3.8,23.36,118.59,10,台湾海峡
2018/11/27 1:33,2.8,37.89,102.28,7,甘肃武威市凉州区
2018/11/27 6:06,3.6,23.37,118.61,14,台湾海峡
2018/11/27 6:41,3.5,23.49,99.46,8,云南临沧市耿马县
2018/11/27 15:04,3.4,23.33,118.55,13,台湾海峡
2018/11/27 18:29,4.3,23.33,118.63,8,台湾海峡
2018/11/28 3:34,5.4,15.51,-49.76,20,北大西洋
2018/11/28 10:23,5.5,41.3,143.3,10,日本北海道地区
2018/11/28 12:29,2.8,28.1,105.11,5,四川宜宾市兴文县
2018/11/28 14:28,3.2,30.35,87.67,6,西藏那曲市尼玛县
2018/11/28 18:17,5.5,27.15,96.84,10,缅甸
2018/11/28 21:43,3.3,23.31,118.7,10,台湾海峡南部
2018/11/29 13:10,2.5,39.45,118,11,河北唐山市丰南区
2018/11/30 3:57,3.1,23.32,118.6,15,台湾海峡
2018/11/30 4:21,5.7,0.2,97.05,10,印尼苏门答腊岛北部
2018/11/30 15:57,4,45.24,124.69,9,吉林松原市宁江区
2018/12/1 1:13,3.6,39.39,77.55,16,新疆喀什地区伽师县
2018/12/1 1:29,7.2,61.35,-150.06,40,美国阿拉斯加
2018/12/1 21:27,6.3,-7.5,128.73,140,班达海
2018/12/1 23:07,4.1,28.12,92.62,5,西藏山南市隆子县
2018/12/2 12:43,3.1,39.69,74.44,8,新疆克孜勒苏州乌恰县
2018/12/2 19:50,3.1,40.75,78.25,10,新疆克孜勒苏州阿合奇县
2018/12/3 6:11,3,23.35,118.59,14,台湾海峡
2018/12/3 17:17,2.8,22.34,101.56,5,云南西双版纳州勐腊县
2018/12/4 16:36,3,24.43,98.43,14,云南德宏州芒市
2018/12/5 1:18,2.8,24,111.71,11,广西贺州市八步区
2018/12/5 9:22,3,38.15,76.73,20,新疆喀什地区莎车县
2018/12/5 12:14,6.1,-21.85,169.47,10,洛亚蒂群岛东南
2018/12/5 13:52,4.1,40.4,77.45,17,新疆克孜勒苏州阿图什市
2018/12/5 14:43,6.6,-21.95,169.78,10,洛亚蒂群岛东南
2018/12/5 20:22,3.7,23.36,118.62,15,台湾海峡
2018/12/6 6:23,2.9,23.92,99.61,5,云南临沧市耿马县
2018/12/6 21:07,2.1,40.21,118.68,13,河北唐山市迁安市
2018/12/7 7:27,5.9,-22.25,169.7,20,洛亚蒂群岛东南
2018/12/8 6:39,4.5,43.82,86.38,10,新疆昌吉州呼图壁县
2018/12/9 23:15,4.8,24.02,121.57,21,台湾花莲县
2018/12/10 20:28,3,42.29,119.91,15,内蒙古赤峰市敖汉旗
2018/12/11 8:21,3.4,32.95,90.18,8,西藏那曲市安多县
2018/12/11 10:26,7,-58.35,-26.37,150,南桑威奇群岛地区
2018/12/12 21:24,4.6,23.93,121.6,18,台湾花莲县
2018/12/13 13:47,4,38.94,74.74,8,新疆克孜勒苏州阿克陶县
2018/12/13 23:32,4.9,29.62,98.81,8,西藏昌都市芒康县
2018/12/13 23:39,4.4,29.61,98.82,10,西藏昌都市芒康县
2018/12/14 1:11,2,39.73,118.5,12,河北唐山市古冶区
2018/12/14 1:15,3.6,29.59,98.81,7,西藏昌都市芒康县
2018/12/14 1:38,3,29.61,98.8,8,西藏昌都市芒康县
2018/12/14 1:42,3,29.57,98.83,10,西藏昌都市芒康县
2018/12/14 10:45,3,41.33,83.73,10,新疆阿克苏地区库车县
2018/12/14 13:02,4,38.47,104.24,20,内蒙古阿拉善盟阿拉善左旗
2018/12/15 21:42,3,40.2,75.78,5,新疆克孜勒苏州乌恰县
2018/12/16 5:21,5.2,23.71,121.8,26,台湾花莲县海域
2018/12/16 12:46,5.7,28.24,104.95,12,四川宜宾市兴文县
2018/12/16 17:42,6,-3.85,140.29,80,印度尼西亚
2018/12/16 20:16,3.2,28.23,104.94,10,四川宜宾市兴文县
2018/12/16 22:26,5.8,-23.39,112.45,10,澳大利亚西部海域
2018/12/17 3:20,3,43.68,86.64,26,新疆昌吉州呼图壁县
2018/12/17 19:14,5.2,-5.02,152.32,60,新不列颠岛地区
2018/12/18 4:58,3.5,23.36,118.61,12,台湾海峡
2018/12/18 9:13,3,42.74,82.71,20,新疆巴音郭楞州和静县
2018/12/18 12:39,2.9,28.22,104.93,5,四川宜宾市兴文县
2018/12/18 22:51,2,43.7,87.6,6,新疆乌鲁木齐市天山区（有感）
2018/12/19 1:21,4.1,35.25,81.08,6,西藏阿里地区日土县
2018/12/19 9:37,6.1,-36.04,-101.15,10,复活节岛东南海域
2018/12/20 5:37,5.8,-6.05,149.83,10,新不列颠岛
2018/12/20 10:29,2.6,40.61,97.55,7,甘肃酒泉市玉门市
2018/12/20 19:08,5.2,39.08,74.75,10,新疆克孜勒苏州阿克陶县
2018/12/20 19:13,3,39.04,74.7,10,新疆克孜勒苏州阿克陶县
2018/12/20 19:49,4.3,39.04,74.73,8,新疆克孜勒苏州阿克陶县
2018/12/21 1:01,7.4,54.95,164.79,20,科曼多尔群岛地区
2018/12/21 14:33,5.9,-5.65,151.95,20,新不列颠岛地区
2018/12/21 16:30,5.7,-5.4,151.91,20,新不列颠岛
2018/12/22 2:19,5.4,55.31,164.44,10,科曼多尔群岛地区
2018/12/22 4:39,2.9,33.19,104.21,17,四川阿坝州九寨沟县
2018/12/22 13:37,5.5,-20.55,32.48,10,津巴布韦
2018/12/22 21:29,5.5,55.2,164.6,10,科曼多尔群岛地区
2018/12/22 22:25,5.9,-13.37,166.75,50,瓦努阿图群岛
2018/12/23 22:22,2.8,28.1,103.61,5,云南昭通市永善县
2018/12/24 3:32,5.8,30.32,87.64,8,西藏日喀则市谢通门县
2018/12/24 3:49,3.9,30.3,87.75,8,西藏日喀则市谢通门县
2018/12/24 7:08,6.4,-20.26,-175.11,110,汤加群岛
2018/12/24 8:18,5.8,34.04,141.75,20,日本本州东岸远海
2018/12/24 11:12,3.8,41.33,83.71,11,新疆阿克苏地区库车县
2018/12/24 20:41,6.1,55.39,164.46,10,科曼多尔群岛地区
2018/12/25 2:40,3.2,30.33,87.74,6,西藏那曲市尼玛县
2018/12/25 8:10,5.6,33.96,141.9,10,日本本州东岸远海
2018/12/25 17:46,5.2,29.02,142.65,10,日本本州东南海域
2018/12/25 19:55,3.3,33.67,121.03,14,江苏盐城市大丰区海域
2018/12/26 5:54,4.5,45.65,93.03,8,蒙古
2018/12/26 22:11,5.7,-17.25,-174.01,100,汤加群岛
2018/12/27 9:06,3.2,38.32,75.79,129,新疆克孜勒苏州阿克陶县
2018/12/27 11:41,3.8,43.13,81.71,13,新疆伊犁州特克斯县
2018/12/27 15:30,3.6,22.55,102.11,7,云南普洱市江城县
2018/12/28 11:03,5.7,-1.5,134.15,50,印度尼西亚伊里安查亚省
2018/12/28 13:50,3.8,43.74,87.43,10,新疆乌鲁木齐市沙依巴克区
2018/12/28 15:57,3.3,30.34,87.72,7,西藏日喀则市谢通门县
2018/12/28 16:21,3.8,28.15,104.65,7,四川宜宾市筠连县
2018/12/29 11:01,3,29.46,104.56,11,四川内江市威远县
2018/12/29 11:39,6.9,5.85,126.89,50,棉兰老岛附近海域
2018/12/30 2:53,3.2,29.47,104.56,7,四川内江市威远县
2018/12/30 13:32,3.1,24.67,97.94,9,云南德宏州盈江县
2018/12/30 16:39,5.9,-2.71,102.35,140,印尼苏门答腊岛南部
2018/12/30 22:26,5,38.17,133.86,380,日本海
2018/12/31 10:35,6.1,54.4,-161.55,20,美国阿拉斯加半岛
2018/12/31 16:12,2.8,34.54,104.25,14,甘肃定西市岷县
2018/12/31 20:46,3,23.23,101.64,5,云南普洱市墨江县
2019/1/2 11:12,5,42.49,104.49,15,蒙古
2019/1/3 8:48,5.3,28.2,104.86,15,四川宜宾市珙县
2019/1/4 2:02,4.4,22.9,121.04,10,台湾台东县
2019/1/4 3:36,3.3,38.46,104.23,20,内蒙古阿拉善盟阿拉善左旗
2019/1/4 6:17,3.4,25.86,99.16,12,云南大理州云龙县
2019/1/4 14:22,5.4,-6.51,130.62,9,班达海
2019/1/4 15:59,3.2,28.36,104.93,6,四川宜宾市长宁县
2019/1/4 21:15,3.1,42.84,80.99,12,新疆伊犁州昭苏县
2019/1/5 20:37,3.1,30.65,99.6,7,四川甘孜州白玉县
2019/1/6 2:47,5.9,51.35,-178.22,20,安德烈亚诺夫群岛
2019/1/6 3:25,6.7,-8.11,-71.58,570,巴西
2019/1/6 6:54,5.6,25.81,144.55,10,日本火山列岛地区
2019/1/6 21:42,5.6,34.12,45.6,30,伊朗
2019/1/6 22:46,3.6,23.09,100.94,7,云南普洱市宁洱县
2019/1/7 0:22,4.8,39.92,77.66,10,新疆喀什地区伽师县
2019/1/7 1:27,6.6,2.25,126.69,40,马鲁古海北部
2019/1/7 5:56,3,39.93,77.66,18,新疆喀什地区巴楚县
2019/1/7 6:31,2.9,23.09,100.94,5,云南普洱市宁洱县
2019/1/7 11:11,5.2,7.9,121.9,20,棉兰老岛附近海域
2019/1/7 19:13,3.1,29.44,104.46,4,四川自贡市荣县
2019/1/7 22:11,5.2,2.6,126.9,30,印尼马鲁古海
2019/1/8 1:15,3.5,26.09,100.23,5,云南大理州鹤庆县
2019/1/8 2:38,2.1,43.75,87.59,7,新疆乌鲁木齐市沙依巴克区（有感）
2019/1/8 8:49,3.6,28.49,99.38,21,四川甘孜州得荣县
2019/1/8 8:56,2.9,28.47,99.36,20,四川甘孜州得荣县
2019/1/8 20:16,4.7,23.2,121.64,30,台湾台东县海域
2019/1/8 20:39,6.2,30.64,131.16,20,日本种子岛附近海域
2019/1/9 21:55,3.2,38.22,94.75,7,青海海西州直辖区
2019/1/9 23:21,3,21.2,101.77,6,云南西双版纳州勐腊县
2019/1/10 17:08,3.1,21.29,101.71,8,云南西双版纳州勐腊县
2019/1/10 20:00,4.2,21.26,101.71,10,云南西双版纳州勐腊县
2019/1/11 1:00,5.8,-27.03,-175.48,20,克马德克群岛
2019/1/11 4:20,3.2,41.94,83.92,15,新疆阿克苏地区库车县
2019/1/11 13:58,5.4,-21.36,-174.1,10,汤加群岛
2019/1/11 17:49,3.8,31.77,102.27,18,四川阿坝州马尔康市
2019/1/12 4:03,3,45.24,124.65,9,吉林松原市宁江区
2019/1/12 12:32,5.1,39.57,75.59,10,新疆喀什地区疏附县
2019/1/12 12:33,3.1,39.47,75.62,12,新疆喀什地区疏附县
2019/1/12 13:40,3.2,39.62,75.63,10,新疆喀什地区疏附县
2019/1/12 20:20,3.4,41.25,83.48,7,新疆阿克苏地区库车县
2019/1/13 17:01,3.4,39.58,75.51,11,新疆喀什地区疏附县
2019/1/14 11:40,3.4,51.51,124.02,9,黑龙江大兴安岭地区呼玛县
2019/1/14 18:54,4.9,21.18,101.8,6,老挝
2019/1/14 19:37,3.1,21.17,101.75,11,云南西双版纳州勐腊县
2019/1/14 21:49,3.8,40.4,77.12,6,新疆克孜勒苏州阿图什市
2019/1/15 6:55,3.9,33.53,87.67,8,西藏那曲市双湖县
2019/1/15 18:44,2.8,37.68,114.54,8,河北石家庄市元氏县
2019/1/15 23:52,3.1,28.07,105.02,9,云南昭通市威信县
2019/1/16 0:06,3.2,33.9,90.72,6,青海海西州唐古拉地区
2019/1/16 2:06,6.6,-13.33,166.7,30,瓦努阿图群岛
2019/1/16 2:26,3.3,21.16,101.78,7,老挝
2019/1/16 4:03,5.7,6.04,126.83,70,棉兰老岛附近海域
2019/1/16 12:43,3.2,26.06,105.26,10,贵州六盘水市六枝特区
2019/1/16 18:49,5.3,3.45,128.8,10,印尼哈马黑拉岛以北海域
2019/1/17 5:08,3.1,26.72,102.68,8,四川凉山州会东县
2019/1/17 7:56,3.2,27.34,88.94,7,西藏日喀则市亚东县
2019/1/17 10:53,5.4,7.35,94.31,90,印度尼科巴群岛地区
2019/1/17 12:24,3.3,37.06,77.92,29,新疆和田地区皮山县
2019/1/17 13:36,2.9,23.1,104.15,27,云南文山州马关县
2019/1/17 21:32,4.3,41.75,81.52,6,新疆阿克苏地区拜城县
2019/1/18 5:25,3.8,35.03,81.79,13,西藏阿里地区日土县
2019/1/18 9:14,3.4,38.2,88.95,7,新疆巴音郭楞州若羌县
2019/1/18 21:18,5.8,-19.13,168.78,40,瓦努阿图群岛
2019/1/18 21:56,3.7,41.77,81.53,5,新疆阿克苏地区拜城县
2019/1/19 0:40,5.7,8.3,-103.53,10,东太平洋海岭北部
2019/1/19 2:11,4.5,44.85,93.07,7,新疆哈密市巴里坤县
2019/1/19 5:26,5.5,-3.21,-76.67,100,秘鲁北部
2019/1/20 0:38,3.4,28.23,104.86,5,四川宜宾市珙县
2019/1/20 8:35,3.4,30.83,103.2,21,四川成都市崇州市
2019/1/20 9:32,6.6,-30.05,-71.34,50,智利
2019/1/20 10:52,4.4,29.92,94.93,10,西藏林芝市巴宜区
2019/1/20 22:28,5,30.09,87.77,10,西藏日喀则市谢通门县
2019/1/20 23:06,4.6,30.2,87.64,10,西藏日喀则市谢通门县
2019/1/21 21:37,3,28.91,105.44,5,四川泸州市龙马潭区
2019/1/22 7:59,6.1,-10.45,119.05,30,印尼松巴岛地区
2019/1/22 11:19,4.5,22.24,121.42,16,台湾台东县海域
2019/1/22 13:10,6.5,-10.4,119.17,30,印尼松巴岛地区
2019/1/23 3:01,6.7,-43.03,42.26,10,爱得华王子群岛地区
2019/1/23 14:40,3.2,29.5,104.49,5,四川自贡市荣县
2019/1/23 19:38,5.7,-10.3,118.93,10,印尼松巴岛附近海域
2019/1/24 15:51,3.2,36.7,105.21,10,宁夏中卫市海原县
2019/1/24 16:34,5,19.5,120.71,10,菲律宾群岛地区
2019/1/24 22:30,5,36.05,28.1,40,希腊佐泽卡尼索斯群岛
2019/1/25 9:55,3.2,39.07,75.42,10,新疆克孜勒苏州阿克陶县
2019/1/25 12:29,2.9,25.85,99.18,8,云南大理州云龙县
2019/1/26 10:07,5.7,-10.84,165.85,50,圣克鲁斯群岛
2019/1/26 11:51,6.2,-7.08,156.23,370,所罗门群岛
2019/1/26 14:02,3,35.85,78.43,8,新疆和田地区皮山县
2019/1/26 16:12,6,-5.56,133.91,20,印尼阿鲁群岛地区
2019/1/26 16:23,5.4,40.47,141.97,50,日本本州东岸近海
2019/1/26 20:32,5.5,3.11,-75.69,20,哥伦比亚
2019/1/27 3:56,6.3,-21.12,-178.9,590,斐济群岛地区
2019/1/27 18:16,5.5,-20.13,-177.75,550,斐济群岛地区
2019/1/28 17:53,3,39.43,77.12,14,新疆喀什地区伽师县
2019/1/29 0:00,5.4,-17.94,-179.26,610,斐济群岛地区
2019/1/29 5:07,5.4,3.05,-75.73,20,哥伦比亚
2019/1/29 9:22,3.9,44.66,115.63,13,内蒙古锡林郭勒盟锡林浩特市
2019/1/29 11:42,5.3,34.91,141.05,20,日本本州东岸近海
2019/1/29 22:57,3.3,44.75,81.47,10,新疆博尔塔拉州温泉县
2019/1/30 9:53,3.2,32.28,104.97,18,四川绵阳市平武县
2019/1/30 13:21,5.2,23.77,122.43,20,台湾花莲县海域
2019/1/30 19:07,3.1,28.47,99.36,13,四川甘孜州得荣县
2019/1/30 19:52,3,37.84,78.09,17,新疆和田地区皮山县
2019/1/30 23:14,4.3,22.02,120.37,8,台湾屏东县海域
2019/1/31 10:04,3.2,40.02,75.29,11,新疆克孜勒苏州乌恰县
2019/1/31 11:30,3,39.98,75.28,10,新疆克孜勒苏州乌恰县
2019/1/31 13:15,3.1,34.3,102.44,10,甘肃甘南州碌曲县
2019/1/31 13:50,5.1,-19.51,169.63,190,瓦努阿图群岛
2019/1/31 22:34,5.4,-24.3,-179.75,520,斐济群岛以南
2019/2/1 6:43,2.5,42.18,120.54,14,内蒙古赤峰市敖汉旗
2019/2/1 12:12,3.8,31.37,98.47,7,西藏昌都市江达县
2019/2/1 21:33,2.6,41.86,123.93,0,辽宁抚顺市新抚区（矿震）
2019/2/2 0:14,6.5,14.88,-92.18,100,墨西哥
2019/2/2 5:26,4.1,27.11,100.93,15,云南丽江市宁蒗县
2019/2/2 5:54,5.2,46.73,83.34,16,新疆塔城地区塔城市
2019/2/2 6:00,3,46.72,83.31,6,新疆塔城地区塔城市
2019/2/2 7:48,5.3,-23.67,-176.65,100,斐济群岛以南
2019/2/2 17:27,6.1,-2.88,100.09,10,印尼苏门答腊岛南部海域
2019/2/2 18:59,5.9,-2.91,100.12,10,印尼苏门答腊岛南部海域
2019/2/2 19:01,5.9,-2.88,100.15,10,印尼苏门答腊岛南部海域
2019/2/2 20:04,5.7,36.44,70.86,230,阿富汗
2019/2/3 2:01,2.8,39.4,116.66,17,河北廊坊市永清县
2019/2/3 15:36,5.3,-3.27,130.75,20,印尼塞兰岛附近海域
2019/2/3 22:17,3.1,35.79,77.28,12,新疆喀什地区叶城县
2019/2/4 10:33,2.8,38.95,112.83,8,山西忻州市原平市
2019/2/5 1:45,5.5,-2.43,-79.89,50,厄瓜多尔
2019/2/5 3:29,5.8,-0.42,98.27,10,印尼苏门答腊岛南部海域
2019/2/5 10:26,5.1,39.11,20.52,10,希腊
2019/2/6 0:47,5.4,35.01,74.28,12,克什米尔地区
2019/2/6 3:31,5.1,41.02,48.63,10,阿塞拜疆
2019/2/6 15:51,3.6,29.2,87.45,7,西藏日喀则市昂仁县
2019/2/6 18:25,5.4,15.85,120.55,130,菲律宾
2019/2/6 21:30,3.8,29.24,87.41,9,西藏日喀则市昂仁县
2019/2/7 0:30,3.7,41.29,83.88,8,新疆阿克苏地区库车县
2019/2/7 9:41,5.2,-8.44,160.96,40,所罗门群岛
2019/2/7 9:41,3.2,38.32,90.89,8,青海海西州茫崖市
2019/2/7 12:15,5.3,1.51,126.44,10,马鲁古海北部
2019/2/7 13:35,4,29.22,87.44,6,西藏日喀则市昂仁县
2019/2/7 18:03,5,2.33,128.84,20,印尼哈马黑拉岛海域
2019/2/8 0:29,3.3,29.59,104.8,5,四川内江市资中县
2019/2/8 0:52,4.6,23.28,120.61,24,台湾嘉义县
2019/2/8 11:11,5.3,-32.91,57.16,10,西南印度洋海岭
2019/2/8 18:00,3.6,29.04,102.38,21,四川雅安市石棉县
2019/2/8 19:55,5.9,9.79,126.5,10,菲律宾棉兰老岛附近海域
2019/2/9 1:18,3.5,32.57,95.93,8,青海玉树州囊谦县
2019/2/10 5:36,3.3,31.63,104.01,21,四川德阳市绵竹市
2019/2/10 11:22,5.2,27.39,96.34,10,印度
2019/2/10 18:54,5.3,27.05,55.65,10,伊朗
2019/2/10 20:30,2.6,38.09,113.48,5,山西阳泉市盂县
2019/2/10 22:33,5.2,9.85,126.55,20,菲律宾棉兰老岛附近海域
2019/2/12 10:52,2.9,29.58,104.79,3,四川内江市威远县
2019/2/12 10:55,3.3,29.57,104.76,6,四川内江市威远县
2019/2/12 18:53,5.3,-15.02,167.81,20,瓦努阿图群岛
2019/2/12 20:33,3,21.2,101.77,7,云南西双版纳州勐腊县
2019/2/12 20:34,6,19.05,145.95,140,马里亚纳群岛
2019/2/12 22:47,2.9,22.84,101.42,5,云南普洱市宁洱县
2019/2/12 22:49,4.4,22.85,101.4,5,云南普洱市宁洱县
2019/2/13 0:39,4.1,24.94,122.43,9,台湾宜兰县海域
2019/2/13 2:23,4.1,23.75,121.6,6,台湾花莲县海域
2019/2/13 17:29,3.1,23.32,101.99,6,云南红河州红河县
2019/2/13 18:53,5.2,-24.04,-175.45,20,汤加以南地区
2019/2/14 8:26,2.2,43.33,88.52,20,新疆乌鲁木齐市达坂城区（有感）
2019/2/14 22:33,5.5,-12.15,-74.28,20,秘鲁
2019/2/15 22:08,4.1,23.81,121.81,32,台湾花莲县海域
2019/2/15 23:31,3.6,35.88,92.52,10,青海玉树州治多县
2019/2/16 3:35,3,32.79,94.92,10,青海玉树州杂多县
2019/2/16 18:01,5,25.2,125.05,10,琉球群岛西南部
2019/2/16 20:22,3.6,35.02,86.2,8,西藏那曲市尼玛县
2019/2/16 23:51,2.9,28.47,99.44,5,云南迪庆州香格里拉市
2019/2/17 14:14,3.4,36.86,78.03,22,新疆和田地区皮山县
2019/2/17 21:57,3.2,35.04,86.08,8,西藏阿里地区改则县
2019/2/17 22:35,6.4,-3.36,152.12,370,新爱尔兰地区
2019/2/18 14:37,3.1,42.29,98.21,15,内蒙古阿拉善盟额济纳旗
2019/2/19 3:30,5.4,-9.56,112.96,10,印尼爪哇岛以南海域
2019/2/20 1:33,3.8,38.37,75.2,110,新疆克孜勒苏州阿克陶县
2019/2/20 8:10,5.2,0.72,126.25,50,印尼马鲁古海北部
2019/2/20 11:40,4.5,38.45,97.37,7,青海海西州德令哈市
2019/2/21 2:23,5.2,39.65,26.45,10,土耳其
2019/2/21 3:51,3.1,30.3,87.64,9,西藏日喀则市谢通门县
2019/2/21 14:34,5.7,-20.88,-178.71,610,斐济群岛地区
2019/2/21 20:22,5.5,42.87,142.02,40,日本北海道地区
2019/2/22 1:16,3.4,43.35,82.08,17,新疆伊犁州巩留县
2019/2/22 6:17,5.1,-15.36,-73.13,60,秘鲁
2019/2/22 12:50,3,21.28,101.73,5,云南西双版纳州勐腊县
2019/2/22 13:41,3.1,26.83,104.19,10,贵州毕节市威宁县
2019/2/22 13:53,2.8,26.83,104.2,10,贵州毕节市威宁县
2019/2/22 18:17,7.5,-2.15,-76.91,140,厄瓜多尔
2019/2/23 1:42,3,32.6,105.37,9,四川广元市青川县
2019/2/23 3:36,3.6,29.1,97.09,9,西藏林芝市察隅县
2019/2/23 13:16,3,33.07,93.5,7,青海玉树州杂多县
2019/2/24 2:38,3.1,21.19,101.78,7,云南西双版纳州勐腊县
2019/2/24 5:38,4.7,29.47,104.49,5,四川自贡市荣县
2019/2/25 8:40,4.3,29.46,104.5,5,四川自贡市荣县
2019/2/25 13:15,4.9,29.48,104.49,5,四川自贡市荣县
2019/2/26 19:36,2.8,31.21,103.57,14,四川阿坝州汶川县
2019/2/27 9:26,2.8,26.07,99.6,10,云南大理州洱源县
2019/2/27 10:54,3.4,40.98,83.48,20,新疆阿克苏地区沙雅县
2019/3/1 9:02,5.6,-53.41,159.5,10,麦夸里岛地区
2019/3/1 13:26,3,35.39,92,9,青海玉树州治多县
2019/3/1 16:50,7,-14.58,-70.05,260,秘鲁
2019/3/2 5:34,3,40.47,77.45,23,新疆克孜勒苏州阿图什市
2019/3/2 6:56,2.6,39.86,118.83,12,河北唐山市滦州市
2019/3/2 8:11,2.8,31.55,119.1,9,江苏南京市溧水区
2019/3/2 10:17,5.3,-6.96,155.82,40,所罗门群岛
2019/3/2 11:22,5.8,41.96,146.93,10,日本北海道沿岸远海
2019/3/2 23:33,3.1,41.22,83.68,12,新疆阿克苏地区库车县
2019/3/3 3:46,5.5,18.62,120.4,10,菲律宾
2019/3/3 4:34,3.8,21.27,121.45,20,台湾屏东县海域
2019/3/3 12:55,3.1,40.51,77.63,23,新疆克孜勒苏州阿图什市
2019/3/4 2:06,3,28.08,103.54,5,云南昭通市永善县
2019/3/4 10:47,3.5,34.24,83.25,7,西藏阿里地区改则县
2019/3/4 18:06,5.8,-5.25,146.21,30,巴布亚新几内亚附近海域
2019/3/5 6:28,3.9,42.22,86.93,6,新疆巴音郭楞州和硕县
2019/3/5 12:49,3.6,20.68,110.03,13,广东湛江市雷州市
2019/3/5 23:33,3.1,25.41,98.62,8,云南保山市腾冲市
2019/3/6 8:13,5.7,8.55,127.05,20,菲律宾棉兰老岛附近海域
2019/3/6 23:46,6.3,-32.01,-177.79,10,新西兰克马德克群岛以南海域
2019/3/7 2:47,5.6,-4.18,142.91,130,巴布亚新几内亚
2019/3/7 4:19,5.7,-32.21,-177.78,10,新西兰克马德克群岛以南海域
2019/3/7 11:49,4.2,20.93,120.22,24,台湾屏东县海域
2019/3/7 23:34,5.7,-29.45,-72.78,40,智利中部沿岸远海
2019/3/8 2:52,3,39.4,76.83,10,新疆喀什地区伽师县
2019/3/8 3:37,4.4,23.94,99.31,11,云南临沧市永德县
2019/3/8 10:32,5.3,22.46,121.34,11,台湾台东县海域
2019/3/8 19:14,3.3,29.45,104.53,8,四川内江市威远县
2019/3/8 23:06,6,10.51,126.09,30,菲律宾群岛地区
2019/3/9 7:10,3.3,35.28,81.12,11,西藏阿里地区日土县
2019/3/9 18:32,3,25.36,122.08,249,台湾基隆市海域
2019/3/9 22:31,2.5,40.21,118.67,12,河北唐山市迁安市
2019/3/10 16:12,6.1,-17.8,-178.5,570,斐济群岛地区
2019/3/10 20:34,4.2,35.37,91.99,10,青海玉树州治多县
2019/3/10 20:48,6.1,-10.14,152.05,10,巴布亚新几内亚
2019/3/11 1:10,5.8,36.74,142.44,10,日本本州东岸近海
2019/3/11 2:05,5.6,58.48,-31.86,10,雷克雅内斯海岭
2019/3/11 17:33,5.6,25.45,141.55,30,日本火山列岛地区
2019/3/12 0:25,5.7,-6.05,149.05,50,新不列颠岛地区
2019/3/12 0:34,5.3,1.1,98.75,80,印尼苏门答腊岛北部
2019/3/13 4:19,3.8,25.02,121.7,141,台湾台北市
2019/3/13 12:32,4.6,23.65,121.64,24,台湾花莲县海域
2019/3/14 5:07,4.3,23.04,121.42,15,台湾台东县海域
2019/3/14 13:32,4.3,34.97,101.83,10,青海黄南州泽库县
2019/3/14 17:21,3,41.92,84.35,10,新疆巴音郭楞州轮台县
2019/3/15 2:14,4.2,38.78,91.1,7,新疆巴音郭楞州若羌县
2019/3/15 13:03,6.2,-17.85,-65.92,350,玻利维亚
2019/3/15 18:40,4,38.72,91.12,11,新疆巴音郭楞州若羌县
2019/3/16 7:07,5.6,6.25,125.35,70,菲律宾棉兰老岛
2019/3/16 17:58,5.2,13.88,120.9,110,菲律宾
2019/3/17 4:25,4,41.19,83.71,10,新疆阿克苏地区库车县
2019/3/17 11:46,3,28.2,104.84,8,四川宜宾市珙县
2019/3/17 15:07,5.5,-8.47,116.54,20,印尼松巴哇岛
2019/3/19 12:01,3.6,24.8,121.89,77,台湾宜兰县海域
2019/3/19 14:42,3,43.74,112.84,20,内蒙古锡林郭勒盟苏尼特左旗
2019/3/20 14:34,5.7,37.5,29.39,20,土耳其
2019/3/20 23:23,6.2,-15.57,167.6,130,瓦努阿图群岛
2019/3/21 14:48,2.2,34.33,119.73,0,江苏连云港市灌南县(疑爆)
2019/3/23 21:53,3.8,33.34,96.24,9,青海玉树州玉树市
2019/3/24 3:21,6,4.6,-76.1,100,哥伦比亚
2019/3/24 9:32,5.4,-1.8,120.6,20,印尼苏拉威西岛
2019/3/24 12:37,6.1,1.7,126.45,30,印尼马鲁古海
2019/3/24 23:17,2.8,31.09,110.1,10,重庆巫山县(有感)
2019/3/26 20:01,5.5,12.55,-89.23,30,萨尔瓦多沿岸远海
2019/3/27 5:27,5.1,66.31,-157.11,10,美国阿拉斯加
2019/3/27 5:54,5.5,-21.35,-173.42,10,汤加群岛
2019/3/27 8:11,5.2,32.13,132.05,50,日本九州岛附近海域
2019/3/27 8:33,2.7,23.68,117.1,10,福建漳州市诏安县
2019/3/27 9:18,3.1,41.28,83.83,8,新疆阿克苏地区库车县
2019/3/27 14:38,5.3,32.21,132.3,30,日本九州岛东部附近海域
2019/3/28 5:36,5,38.28,90.89,9,青海海西州茫崖市
2019/3/28 6:57,3.8,38.31,90.84,9,青海海西州茫崖市
2019/3/28 7:00,4.2,38.32,90.92,9,青海海西州茫崖市
2019/3/28 12:41,3.1,38.32,90.86,9,青海海西州茫崖市
2019/3/28 23:05,5.4,-24.57,-70.07,50,智利
2019/3/29 6:06,6.1,50.52,159.93,10,千岛群岛
2019/3/29 7:11,3.6,28.66,87.1,5,西藏日喀则市定日县
2019/3/29 14:03,3,22.85,101.83,5,云南红河州绿春县
2019/3/30 14:27,5.9,-9.67,66.47,10,中印度洋海岭
2019/3/30 19:20,6.1,-5.65,151.05,60,新不列颠岛地区
2019/3/31 4:08,3.1,28.93,105.42,10,四川泸州市龙马潭区
2019/3/31 15:04,6.1,-2,-80.92,20,厄瓜多尔沿岸近海
2019/3/31 18:36,3.2,43.2,87.26,16,新疆乌鲁木齐市乌鲁木齐县
2019/3/31 23:27,5.4,-9.75,-79.23,20,秘鲁沿岸远海
2019/4/1 10:16,5.3,10.67,125.94,50,菲律宾群岛地区
2019/4/1 10:54,4.3,24.95,122.22,100,台湾新北市海域
2019/4/1 11:11,3.4,31.97,101.8,18,四川阿坝州马尔康市
2019/4/2 2:39,5.5,-18.1,65.35,10,毛里求斯远海海域
2019/4/2 7:05,3.6,33.34,96.16,10,青海玉树州玉树市
2019/4/2 10:58,3,42.02,83.14,18,新疆阿克苏地区库车县
2019/4/3 5:35,6.4,52.25,178,20,拉特群岛
2019/4/3 9:52,5.7,22.95,120.87,12,台湾台东县
2019/4/4 9:56,5.1,22.99,120.85,10,台湾台东县
2019/4/5 13:49,2.8,38.17,99.84,8,青海海北州祁连县
2019/4/5 17:56,6,30.45,138.7,390,日本本州东南海域
2019/4/6 0:14,6.3,-55.95,-27.85,60,南桑威奇群岛地区
2019/4/6 11:33,2.8,31.55,119.11,11,江苏南京市溧水区
2019/4/6 12:02,3.9,39,74.49,6,新疆克孜勒苏州阿克陶县
2019/4/7 5:55,6.1,-6.9,125.07,540,班达海
2019/4/7 13:25,2.9,40.08,116.23,17,北京海淀区
2019/4/8 12:12,5.2,26.3,129.5,20,琉球群岛
2019/4/8 14:58,4.4,22.05,121.49,11,台湾台东县海域
2019/4/8 16:27,3.1,22.63,100.35,9,云南普洱市澜沧县
2019/4/9 1:13,3.3,33.27,96.12,10,青海玉树州玉树市
2019/4/9 23:13,5,23.96,121.61,10,台湾花莲县海域
2019/4/10 1:53,6.4,-58.6,-25.33,30,南桑威奇群岛地区
2019/4/10 3:51,3.2,28.07,103.55,8,云南昭通市永善县
2019/4/10 4:24,4.3,23.93,121.65,10,台湾花莲县海域
2019/4/10 6:57,4,24.21,121.94,23,台湾花莲县海域
2019/4/11 16:18,6,40.35,143.4,10,日本本州东岸远海
2019/4/12 17:27,3.7,30.33,87.66,8,西藏日喀则市谢通门县
2019/4/12 19:40,6.8,-1.91,122.62,10,印尼苏拉威西岛附近海域
2019/4/12 20:23,5.7,-15.41,-172.73,10,萨摩亚群岛地区
2019/4/12 22:51,5.8,-6.43,148.57,20,新不列颠岛地区
2019/4/14 3:08,3.2,37.55,75.22,88,新疆喀什地区塔什库尔干县
2019/4/14 12:47,3,40.34,116.39,19,北京怀柔区
2019/4/14 19:20,4.3,44.32,81.11,16,新疆伊犁州霍城县
2019/4/15 2:31,4.3,32.26,89.39,9,西藏那曲市双湖县
2019/4/15 6:29,3.3,50.01,122.3,20,内蒙古呼伦贝尔市鄂伦春旗
2019/4/16 4:17,3.4,32.33,105.13,23,四川广元市青川县
2019/4/16 17:47,3.5,23.36,118.63,13,台湾海峡
2019/4/17 6:05,3.8,37.44,78.11,10,新疆和田地区皮山县
2019/4/18 9:38,3,39.72,75.21,24,新疆克孜勒苏州乌恰县
2019/4/18 13:01,6.7,24.02,121.65,24,台湾花莲县海域
2019/4/18 22:46,6.2,-51.1,139.45,10,东南印度洋
2019/4/21 5:04,3.2,35.55,77.15,21,新疆喀什地区叶城县
2019/4/21 13:29,2.9,23.84,114.5,9,广东河源市东源县
2019/4/21 17:10,3.6,36.34,114.43,11,河北邯郸市临漳县
2019/4/22 6:07,3,40,77.97,17,新疆克孜勒苏州阿图什市
2019/4/22 17:11,6,15,120.35,20,菲律宾
2019/4/22 18:37,2.9,37.97,112.1,20,山西太原市古交市
2019/4/22 22:49,5.9,-56.22,-27.4,100,南桑威奇群岛地区
2019/4/23 1:45,5.4,40.75,143.7,10,日本本州东岸远海
2019/4/23 2:22,2.9,23.9,103.2,14,云南红河州弥勒市
2019/4/23 4:15,5.4,16.37,-98.4,20,墨西哥
2019/4/23 13:37,6.6,11.9,125.2,90,菲律宾萨马岛
2019/4/23 22:20,5.9,-24.76,-178.75,380,斐济群岛以南
2019/4/24 4:15,6.3,28.4,94.61,10,西藏林芝市墨脱县
2019/4/24 16:45,2.1,39.78,118.5,8,河北唐山市滦州市
2019/4/24 19:56,4.2,34.89,82.47,8,西藏阿里地区改则县
2019/4/24 20:32,2.2,38.73,116.17,5,河北沧州市任丘市
2019/4/24 23:55,3.3,28.08,103.35,19,四川凉山州雷波县
2019/4/26 5:57,5.1,-1.95,122.52,20,印尼苏拉威西岛
2019/4/26 13:27,5.3,9.82,126.52,50,菲律宾棉兰老岛附近海域
2019/4/26 14:22,5.4,-25.85,-71.1,20,智利北部沿岸近海
2019/4/26 15:20,3.8,40.04,106.87,10,内蒙古鄂尔多斯市鄂托克旗
2019/4/27 1:19,3.3,28.14,104.76,11,四川宜宾市珙县
2019/4/27 23:23,2.9,41.62,121,17,辽宁朝阳市北票市
2019/4/28 0:42,3.2,38.31,91.51,8,青海海西州茫崖市
2019/4/28 1:24,5.3,42.55,142.9,110,日本北海道地区
2019/4/28 4:27,4.8,39.19,97.45,10,甘肃张掖市肃南县
2019/4/28 6:09,2.8,39.11,97.39,8,青海海西州天峻县
2019/4/28 9:56,3.1,33.94,90.6,8,青海海西州唐古拉地区
2019/4/28 10:35,2.4,43.66,87.96,20,新疆乌鲁木齐市达坂城区（有感）
2019/4/29 5:16,2.8,30.76,118.05,7,安徽池州市青阳县（有感）
2019/4/29 8:23,4.2,39.32,73.67,82,新疆克孜勒苏州阿克陶县
2019/4/29 9:46,3,33.91,90.59,9,青海海西州唐古拉地区
2019/4/29 20:55,3.4,32.34,83.95,8,西藏阿里地区改则县
2019/4/29 21:36,3.6,33.56,81.5,6,西藏阿里地区日土县
2019/4/29 22:19,6.2,10.82,57.26,10,卡尔斯伯格海岭
2019/5/1 16:13,3.4,36.94,75.84,16,新疆喀什地区塔什库尔干县
2019/5/2 7:37,3.4,39.19,75.56,19,新疆克孜勒苏州阿克陶县
2019/5/2 15:57,4.5,30.43,103.01,14,四川雅安市芦山县
2019/5/3 3:31,3.4,22.19,99.31,7,云南普洱市孟连县
2019/5/3 15:25,6.1,-6.89,160.11,20,所罗门群岛
2019/5/3 20:02,3.2,45.5,84.74,18,新疆克拉玛依市克拉玛依区
2019/5/4 4:26,2.8,32.97,105.54,11,甘肃陇南市武都区
2019/5/4 9:05,5.5,12.5,120.9,10,菲律宾民都洛岛附近海域
2019/5/4 19:04,5.2,26.13,95.71,100,缅甸北部
2019/5/5 5:02,5.7,1.97,123.7,350,印度尼西亚苏拉威西海
2019/5/5 16:42,5.3,-6.25,145.9,130,巴布亚新几内亚
2019/5/5 19:30,2.8,41.62,124.18,11,辽宁抚顺市抚顺县
2019/5/6 10:48,5.2,18.65,121.1,20,菲律宾吕宋岛附近海域
2019/5/6 22:13,5.4,-6.23,154.78,40,巴布亚新几内亚布干维尔岛附近海域
2019/5/7 5:19,7.1,-6.96,146.49,130,巴布亚新几内亚莫罗贝省
2019/5/7 11:58,3,41.28,83.71,7,新疆阿克苏地区库车县
2019/5/7 15:05,3,38.87,99.79,18,甘肃张掖市肃南县
2019/5/7 20:55,3.1,33.44,94.47,9,青海玉树州杂多县
2019/5/8 4:39,3.6,37.37,95.25,9,青海海西州直辖区
2019/5/8 21:47,5.7,-15.76,-75.15,10,秘鲁沿岸近海
2019/5/8 23:48,4.4,24.75,122.55,90,台湾宜兰县海域
2019/5/10 3:15,4,45.11,80.44,7,新疆维吾尔自治区博尔塔拉蒙古自治州温泉县
2019/5/10 6:43,5.7,31.81,131.89,20,日本九州岛附近海域
2019/5/10 7:48,6.3,31.83,132.01,20,日本九州岛附近海域
2019/5/10 12:19,3.3,42.96,87.96,18,新疆吐鲁番市托克逊县
2019/5/10 16:44,5.7,-19.7,169.1,110,瓦努阿图群岛
2019/5/11 5:53,2.8,34.99,103.72,12,甘肃甘南州临潭县
2019/5/11 11:48,2.6,45.27,124.74,10,吉林松原市宁江区
2019/5/11 11:54,3.3,45.29,124.66,11,吉林松原市前郭尔罗斯县
2019/5/11 18:28,5,35.05,45.85,10,伊拉克
2019/5/11 21:35,3,45.29,124.77,11,吉林松原市宁江区
2019/5/11 22:18,3.6,22.96,100.86,8,云南普洱市宁洱县
2019/5/12 4:51,3.2,39.04,74.49,8,新疆克孜勒苏州阿克陶县
2019/5/12 4:54,3,39.03,74.49,7,新疆克孜勒苏州阿克陶县
2019/5/12 5:55,4,39.96,100.58,14,内蒙古阿拉善盟阿拉善右旗
2019/5/12 6:01,3.1,39.97,100.58,21,内蒙古阿拉善盟阿拉善右旗
2019/5/12 6:25,3.1,34.05,90.57,10,青海海西州唐古拉地区
2019/5/12 16:59,4.9,19.5,120.79,18,巴布延群岛海域
2019/5/13 0:48,3,40.13,75.6,6,新疆克孜勒苏州乌恰县
2019/5/13 3:24,5.9,8.65,-82.77,20,巴拿马
2019/5/13 6:25,3,36.33,123.4,8,黄海海域
2019/5/13 10:13,3.4,42.06,84.16,15,新疆巴音郭楞州轮台县
2019/5/13 11:55,3.6,36.96,78.32,23,新疆和田地区皮山县
2019/5/13 14:25,3.1,34.27,104.79,12,甘肃定西市岷县
2019/5/13 16:55,3.9,24.73,121.93,61,台湾宜兰县海域
2019/5/14 17:48,3.9,47.44,86.71,15,新疆阿勒泰地区吉木乃县
2019/5/14 20:58,7.6,-4.15,152.52,30,新不列颠岛地区
2019/5/14 21:18,3,37.55,77.91,37,新疆和田地区皮山县
2019/5/15 13:24,5.6,29.6,130.85,20,日本种子岛附近海域
2019/5/15 15:20,3,43.67,86.95,7,新疆昌吉州昌吉市
2019/5/16 4:33,4.7,28.07,103.53,10,云南昭通市永善县
2019/5/16 6:08,3.5,24.34,99.98,10,云南临沧市凤庆县
2019/5/16 9:23,5.6,-5.32,152.51,40,新不列颠岛地区
2019/5/17 0:11,3.4,40.07,79.34,8,新疆喀什地区巴楚县
2019/5/17 0:22,5.7,12.65,-87.88,80,尼加拉瓜沿岸近海
2019/5/17 11:56,3.2,41.23,83.82,6,新疆阿克苏地区库车县
2019/5/18 3:49,3.7,39.62,75.74,22,新疆克孜勒苏州阿图什市
2019/5/18 6:24,5.1,45.3,124.75,10,吉林松原市宁江区
2019/5/18 6:37,5.8,-4.61,152.98,20,新爱尔兰地区
2019/5/18 9:51,5.4,-9.52,108.61,20,印尼爪哇岛以南海域
2019/5/18 13:20,3,32.01,104.41,17,四川绵阳市北川县
2019/5/18 15:13,3,38.86,74.83,7,新疆克孜勒苏州阿克陶县
2019/5/18 15:53,3.6,38.87,74.79,7,新疆克孜勒苏州阿克陶县
2019/5/18 15:55,3.1,38.84,74.83,6,新疆克孜勒苏州阿克陶县
2019/5/18 16:01,3,38.86,74.86,6,新疆克孜勒苏州阿克陶县
2019/5/18 23:43,2.6,38.03,106.37,9,宁夏银川市灵武市
2019/5/19 0:07,2.9,40.47,115.04,15,河北张家口市宣化区
2019/5/19 7:54,3,38.86,74.79,7,新疆克孜勒苏州阿克陶县
2019/5/19 9:23,6.2,-21.57,169.78,10,洛亚蒂群岛东南
2019/5/19 10:18,3.1,45.24,124.78,10,吉林松原市宁江区
2019/5/19 12:27,2.8,28.07,103.61,5,云南昭通市永善县
2019/5/20 3:57,3.4,38.85,74.82,9,新疆克孜勒苏州阿克陶县
2019/5/20 15:34,3.7,44.01,94.28,6,新疆哈密市伊吾县
2019/5/22 8:39,5.4,13.8,93.01,20,印度安达曼群岛地区
2019/5/22 9:37,4,23.96,121.67,20,台湾花莲县海域
2019/5/23 4:41,4.1,23.73,122.16,18,台湾花莲县海域
2019/5/23 14:12,4.5,24.02,121.57,15,台湾花莲县
2019/5/23 16:45,6,51.39,-178.3,30,安德烈亚诺夫群岛
2019/5/23 23:02,5.5,-21.75,169.72,20,洛亚蒂群岛东南
2019/5/24 3:59,3.4,37.53,95.71,8,青海海西州直辖区
2019/5/24 19:48,3,41.29,83.67,7,新疆阿克苏地区库车县
2019/5/25 0:17,2.8,26.94,102.94,12,云南昭通市巧家县
2019/5/25 4:15,5.2,-27.9,-66.65,150,阿根廷
2019/5/25 14:11,2.8,29.24,101.85,21,四川甘孜州九龙县
2019/5/25 18:01,3.6,32.91,85.54,7,西藏阿里地区改则县
2019/5/25 18:31,5.5,-18.95,169.05,140,瓦努阿图群岛
2019/5/26 9:44,4.3,30.34,87.7,8,西藏日喀则市谢通门县
2019/5/26 10:09,4.2,30.3,87.7,8,西藏日喀则市谢通门县
2019/5/26 14:04,3,40.58,78.97,7,新疆阿克苏地区柯坪县
2019/5/26 15:41,7.8,-5.85,-75.18,100,秘鲁北部
2019/5/27 9:56,5.2,-21.08,-178.7,570,斐济群岛地区
2019/5/27 17:25,5.2,-8.21,158.6,120,所罗门群岛
2019/5/27 17:52,5.6,59.04,-152.5,50,美国阿拉斯加州南部
2019/5/28 3:19,2.8,24.43,102.74,15,云南玉溪市江川区
2019/5/28 6:52,3,25.77,99,8,云南怒江州泸水市
2019/5/28 7:29,5.6,-56.4,-27.7,130,南桑威奇群岛地区
2019/5/28 11:06,3.2,24.44,102.75,15,云南玉溪市江川区
2019/5/28 16:52,2.8,29.83,121.26,6,浙江宁波市海曙区（有感）
2019/5/29 13:23,3.2,40.61,77.54,10,新疆克孜勒苏州阿合奇县
2019/5/29 16:02,2.6,34.77,111.51,7,河南三门峡市陕州区
2019/5/30 10:26,5.1,-21.5,131.9,10,澳大利亚北部地区
2019/5/30 11:51,2.5,25.55,105.71,6,贵州黔西南州贞丰县(有感)
2019/5/30 17:03,6.5,13.25,-89.29,80,萨尔瓦多附近海域
2019/5/30 23:38,5.9,-21.67,-176.25,180,斐济群岛地区
2019/5/31 8:36,3.8,34.44,83.03,7,西藏阿里地区改则县
2019/5/31 18:12,6,6.28,126.61,80,菲律宾棉兰老岛附近海域
2019/5/31 18:52,2.4,28.08,103.58,11,云南昭通市永善县
2019/5/31 23:29,3,41.29,83.8,6,新疆阿克苏地区库车县
2019/5/31 23:53,4.2,22.89,120.58,27,台湾高雄市
2019/6/1 0:01,4.2,36.9,75.8,6,新疆喀什地区塔什库尔干县
2019/6/1 12:26,5,40.49,20.62,10,阿尔巴尼亚
2019/6/2 11:03,5.1,0.63,98.51,50,印尼苏门答腊岛北部
2019/6/2 18:36,5.9,-21.21,-174.02,10,汤加群岛
2019/6/3 1:47,4,45.38,124.81,12,吉林松原市宁江区
2019/6/3 14:04,5.5,0.35,97.72,20,印尼苏门答腊岛北部
2019/6/4 2:09,3,27.56,101.22,17,四川凉山州盐源县
2019/6/4 8:33,3,43.56,89.45,7,新疆昌吉州奇台县
2019/6/4 12:39,6.4,29.05,139.35,430,日本本州东南海域
2019/6/4 17:46,5.8,22.82,121.75,9,台湾台东县海域
2019/6/5 0:32,2.9,33.32,105.19,10,甘肃陇南市武都区
2019/6/5 15:26,4.1,28.11,103.63,8,云南昭通市永善县
2019/6/5 16:07,3,28.11,103.64,5,云南昭通市永善县
2019/6/5 18:12,3,41.19,83.65,10,新疆阿克苏地区库车县
2019/6/6 0:19,5.5,-27.41,-70.14,80,智利
2019/6/6 3:27,3.8,23.78,121.74,20,台湾花莲县海域
2019/6/6 4:41,5.5,6.5,124.25,470,菲律宾棉兰老岛
2019/6/6 18:44,3.1,39.6,96.16,13,甘肃酒泉市肃北县
2019/6/6 20:45,3.7,33.28,83.56,6,西藏阿里地区改则县
2019/6/8 5:47,3.8,42.23,80.47,5,新疆阿克苏地区温宿县
2019/6/9 1:36,3.2,42.03,119.86,15,辽宁朝阳市建平县
2019/6/9 22:17,3,41.2,83.66,16,新疆阿克苏地区库车县
2019/6/11 0:59,5.5,-6.71,131.93,20,印尼塔宁巴尔群岛地区
2019/6/11 1:14,5.5,17.33,147.71,30,马里亚纳群岛地区
2019/6/11 2:07,3.2,37.46,78.16,19,新疆和田地区皮山县
2019/6/11 5:18,3.1,37.52,78.18,10,新疆和田地区皮山县
2019/6/11 7:17,2.9,36.07,117.25,7,山东泰安市岱岳区
2019/6/11 21:56,3.7,37.35,96.56,11,青海海西州德令哈市
2019/6/12 20:51,3.4,36.64,77.46,90,新疆喀什地区叶城县
2019/6/14 8:19,6.2,-30.04,-72.14,10,智利中部沿岸远海
2019/6/14 11:53,5.2,-21.17,-173.87,10,汤加群岛
2019/6/14 15:50,5.3,13.53,145.35,40,马里亚纳群岛
2019/6/14 20:42,2.3,26.48,106.74,8,贵州贵阳市南明区(有感)
2019/6/15 2:23,2.5,21.74,111.81,13,广东阳江市江城区
2019/6/15 4:10,5.6,-5.86,130.75,120,印尼班达海
2019/6/15 23:47,3.6,30.58,82.92,5,西藏日喀则市仲巴县
2019/6/16 5:56,6.2,-21.15,-173.95,10,汤加群岛
2019/6/16 6:55,7.2,-30.8,-178.1,20,新西兰克马德克群岛
2019/6/16 13:17,6.2,-30.97,-178.06,30,新西兰克马德克群岛
2019/6/16 20:51,3.6,33.33,103.75,7,四川阿坝州九寨沟县
2019/6/17 4:58,5.7,-31.69,-177.85,30,新西兰克马德克群岛
2019/6/17 10:11,2,39.81,118.73,12,河北唐山市滦州市
2019/6/17 13:43,5.4,-8.9,123,100,印尼弗洛勒斯岛附近海域
2019/6/17 14:02,5.9,-30.85,-177.6,20,新西兰克马德克群岛
2019/6/17 19:38,1.3,42.94,130.3,0,吉林延边州珲春市(疑爆)
2019/6/17 22:55,6,28.34,104.9,16,四川宜宾市长宁县
2019/6/17 23:09,3.6,28.39,104.84,10,四川宜宾市长宁县
2019/6/17 23:21,2.9,28.35,104.88,13,四川宜宾市长宁县
2019/6/17 23:23,3,28.4,104.9,8,四川宜宾市长宁县
2019/6/17 23:36,5.1,28.43,104.77,16,四川宜宾市珙县
2019/6/18 0:29,4.1,28.39,104.85,10,四川宜宾市长宁县
2019/6/18 0:37,4.2,28.39,104.87,10,四川宜宾市长宁县
2019/6/18 0:39,3.8,28.39,104.92,11,四川宜宾市长宁县
2019/6/18 1:01,3.1,28.41,104.8,10,四川宜宾市珙县
2019/6/18 1:10,2.9,28.4,104.84,8,四川宜宾市长宁县
2019/6/18 2:57,3.8,23.37,118.55,13,台湾海峡
2019/6/18 2:58,3.1,28.39,104.81,9,四川宜宾市珙县
2019/6/18 4:04,3.1,28.38,104.87,8,四川宜宾市长宁县
2019/6/18 4:11,3.4,28.41,104.75,7,四川宜宾市珙县
2019/6/18 4:13,3,28.36,104.88,9,四川宜宾市长宁县
2019/6/18 5:03,4.5,28.38,104.87,14,四川宜宾市长宁县
2019/6/18 5:04,3.9,28.41,104.79,9,四川宜宾市珙县
2019/6/18 5:49,3.8,28.4,104.81,11,四川宜宾市珙县
2019/6/18 7:34,5.3,28.37,104.89,17,四川宜宾市长宁县
2019/6/18 8:14,3.7,28.39,104.8,10,四川宜宾市珙县
2019/6/18 8:39,3.1,28.36,104.88,11,四川宜宾市长宁县
2019/6/18 14:38,3.7,28.43,104.75,10,四川宜宾市长宁县
2019/6/18 18:53,3.3,28.39,104.85,10,四川宜宾市长宁县
2019/6/18 21:22,6.5,38.56,139.52,20,日本本州西岸近海
2019/6/19 0:05,5.8,-31.2,-177.54,30,新西兰克马德克群岛
2019/6/19 3:02,3,28.4,104.82,10,四川宜宾市珙县
2019/6/19 3:25,3,28.39,104.81,8,四川宜宾市珙县
2019/6/19 4:39,3,28.38,104.89,8,四川宜宾市长宁县
2019/6/19 13:57,2.9,28.41,104.77,7,四川宜宾市珙县
2019/6/19 15:01,6.4,-30.7,-177.8,20,新西兰克马德克群岛海域
2019/6/20 1:24,6.3,-2.1,138.5,10,印尼巴布亚省
2019/6/20 1:44,3.4,28.41,104.77,8,四川宜宾市珙县
2019/6/20 3:55,3,28.42,104.76,9,四川宜宾市珙县
2019/6/20 7:14,5.8,-12.55,166.21,20,圣克鲁斯群岛
2019/6/20 9:23,5.5,-33.63,-68.76,150,阿根廷
2019/6/20 10:55,3.1,28.39,104.84,7,四川宜宾市长宁县
2019/6/20 13:17,3.2,28.41,104.76,5,四川宜宾市珙县
2019/6/20 14:28,3.1,28.41,104.76,14,四川宜宾市珙县
2019/6/20 15:32,5.6,-17.65,-173.74,60,汤加群岛
2019/6/20 19:57,2.9,28.41,104.79,6,四川宜宾市珙县
2019/6/20 20:58,3.4,28.4,104.75,15,四川宜宾市珙县
2019/6/20 22:01,3.7,28.41,104.75,9,四川宜宾市珙县
2019/6/20 22:47,3.3,28.93,87.5,5,西藏日喀则市拉孜县
2019/6/21 3:24,2.9,28.46,104.79,10,四川宜宾市长宁县
2019/6/21 3:28,3,28.43,104.8,16,四川宜宾市长宁县
2019/6/21 6:56,3.4,28.43,104.81,10,四川宜宾市长宁县
2019/6/21 10:01,3.1,28.41,104.8,8,四川宜宾市珙县
2019/6/21 12:03,3,29.61,104.76,9,四川内江市资中县
2019/6/21 15:09,3.6,28.43,104.78,8,四川宜宾市珙县
2019/6/21 16:37,6.2,-30.84,-177.43,20,新西兰克马德克群岛海域
2019/6/22 4:09,3,28.42,104.8,8,四川宜宾市珙县
2019/6/22 9:28,3.2,28.41,104.82,8,四川宜宾市珙县
2019/6/22 9:29,3.4,28.4,104.81,7,四川宜宾市珙县
2019/6/22 12:10,3,41.14,83.64,7,新疆阿克苏地区库车县
2019/6/22 17:53,3.2,37.62,77.81,25,新疆和田地区皮山县
2019/6/22 20:30,3.6,28.37,104.83,8,四川宜宾市珙县
2019/6/22 22:29,5.4,28.43,104.77,10,四川宜宾市珙县
2019/6/22 23:25,3,28.47,104.81,13,四川宜宾市长宁县
2019/6/23 0:12,3,28.44,104.81,11,四川宜宾市长宁县
2019/6/23 8:28,4.6,28.39,104.82,14,四川宜宾市珙县
2019/6/23 11:53,5.6,40.31,-124.25,10,美国加利福尼亚州
2019/6/23 15:21,3.2,38.65,74.12,8,新疆克孜勒苏州阿克陶县
2019/6/23 16:06,3.1,28.36,104.85,10,四川宜宾市长宁县
2019/6/24 4:47,3.2,28.44,104.81,10,四川宜宾市长宁县
2019/6/24 7:34,3.8,28.37,104.83,9,四川宜宾市珙县
2019/6/24 9:05,6.1,-2.77,138.66,20,印尼巴布亚省
2019/6/24 9:23,4.1,28.44,104.8,10,四川宜宾市长宁县
2019/6/24 10:53,7.3,-6.36,129.24,210,班达海
2019/6/24 12:47,5.5,-2.63,138.49,20,印尼巴布亚省
2019/6/24 19:34,5.9,-30.81,-177.41,10,新西兰克马德克群岛海域
2019/6/24 21:19,2.9,39.84,114.56,14,河北张家口市蔚县
2019/6/24 21:24,4.7,24.98,101.67,10,云南楚雄州楚雄市
2019/6/25 3:10,3.4,34.73,87.85,6,西藏那曲市双湖县
2019/6/25 3:14,3.2,37.62,77.79,26,新疆和田地区皮山县
2019/6/25 14:01,5.7,-48.01,99.65,10,东南印度洋海岭
2019/6/25 17:05,6.1,56.18,164.34,10,科曼多尔群岛地区
2019/6/25 20:45,2.9,28.42,104.79,8,四川宜宾市珙县
2019/6/26 0:33,3.4,28.39,104.81,8,四川宜宾市珙县
2019/6/26 0:33,3.3,28.42,104.8,13,四川宜宾市珙县
2019/6/26 10:18,6.4,56.2,164.16,10,科曼多尔群岛地区
2019/6/26 11:18,5.5,-9.48,157.71,10,所罗门群岛
2019/6/26 13:23,5.9,8.45,-82.84,20,巴拿马
2019/6/26 18:10,3,38.65,99.03,11,青海海北州祁连县
2019/6/27 4:55,3.1,28.43,104.8,9,四川宜宾市长宁县
2019/6/27 7:24,3,28.4,104.8,9,四川宜宾市珙县
2019/6/27 16:01,3.9,28.21,104.93,14,四川宜宾市兴文县
2019/6/27 19:04,6.3,-30.32,-179.21,20,新西兰克马德克群岛海域
2019/6/28 23:51,6.4,19.85,144.45,430,马里亚纳群岛
2019/6/29 10:12,3.4,27.57,112.07,8,湖南娄底市双峰县
2019/6/29 21:20,4,33.6,82.69,6,西藏阿里地区改则县
2019/6/29 22:08,3.4,28.43,104.76,8,四川宜宾市珙县
2019/6/29 23:41,3,41.16,83.81,6,新疆阿克苏地区库车县
2019/6/29 23:54,3.1,43.32,81.85,22,新疆伊犁州特克斯县
2019/6/30 3:07,3.1,31.02,98.96,8,四川甘孜州白玉县
2019/6/30 3:09,3.1,31,98.96,7,四川甘孜州白玉县
2019/6/30 3:44,4.8,22.43,122.31,30,台湾台东县海域
2019/6/30 12:14,3,28.43,104.77,9,四川宜宾市珙县
2019/6/30 21:32,3.1,28.44,104.81,8,四川宜宾市长宁县
2019/6/30 21:44,3,27.56,112.1,6,湖南娄底市双峰县
2019/7/1 2:48,3,41.19,83.78,7,新疆阿克苏地区库车县
2019/7/1 12:29,2.8,43.83,88.02,18,新疆乌鲁木齐市米东区（有感）
2019/7/2 0:59,5.7,9.31,124.31,550,菲律宾保和岛附近海域
2019/7/2 1:13,5.9,-15.49,167.51,100,瓦努阿图群岛
2019/7/2 18:17,3.3,37.41,95.4,10,青海海西州直辖区
2019/7/3 3:51,5.5,-43.66,123.85,10,澳大利亚南部海域
2019/7/3 11:45,5.7,-22.12,-179.56,590,斐济群岛以南
2019/7/3 12:26,4.8,28.4,104.85,10,四川宜宾市长宁县
2019/7/3 19:00,3,28.4,104.8,15,四川宜宾市珙县
2019/7/4 7:34,3.1,28.4,104.85,8,四川宜宾市长宁县
2019/7/4 10:17,5.6,28.41,104.74,8,四川宜宾市珙县
2019/7/4 10:25,3.1,28.4,104.77,8,四川宜宾市珙县
2019/7/4 12:30,6.2,51.26,-130.45,10,加拿大夏洛特皇后群岛地区
2019/7/4 18:01,3,28.13,105.02,7,四川宜宾市兴文县
2019/7/4 23:13,4.2,35.97,87.1,8,西藏那曲市双湖县
2019/7/5 1:33,6.4,35.71,-117.51,10,美国加利福尼亚州
2019/7/5 19:07,5.4,35.72,-117.53,10,美国加利福尼亚州
2019/7/5 20:58,5.5,51.21,-130.55,10,加拿大夏洛特皇后群岛地区
2019/7/6 3:59,5.1,-6.07,130.92,100,印尼班达海
2019/7/6 11:20,6.9,35.75,-117.58,10,美国加利福尼亚州
2019/7/6 19:08,5.6,-20.91,170.01,100,瓦努阿图群岛
2019/7/6 22:35,3.6,32.52,93.57,10,青海玉树州杂多县
2019/7/7 16:22,2.8,28.42,104.76,11,四川宜宾市珙县
2019/7/7 21:45,3.2,34.12,94.05,10,青海玉树州治多县
2019/7/7 23:08,6.8,0.48,126.21,50,印尼马鲁古海
2019/7/8 0:37,3.2,28.41,104.86,4,四川宜宾市长宁县
2019/7/8 14:06,2.8,37.99,106.27,9,宁夏吴忠市利通区
2019/7/8 14:20,5.4,0.45,126.27,20,印尼马鲁古海
2019/7/8 14:36,3,40.89,78.71,9,新疆克孜勒苏州阿合奇县
2019/7/8 15:00,5.7,31.75,49.56,10,伊朗
2019/7/9 2:35,4.4,23.82,122.48,9,台湾花莲县海域
2019/7/9 2:52,5.7,0.49,126.32,30,印尼马鲁古海
2019/7/9 19:14,2.8,28.41,104.78,7,四川宜宾市珙县
2019/7/9 19:33,5.4,47.36,145.05,440,鄂霍次克海
2019/7/9 20:37,5.5,6.83,125.14,20,菲律宾棉兰老岛
2019/7/10 2:43,5.3,52.88,-167.53,30,福克斯群岛
2019/7/11 20:45,3.1,40.36,76.61,36,新疆克孜勒苏州阿图什市
2019/7/12 1:08,5.8,-4.65,155.27,510,巴布亚新几内亚
2019/7/12 5:21,5.1,23.9,122.81,7,先岛群岛海域
2019/7/13 4:42,5.7,9.3,126,10,菲律宾棉兰老岛
2019/7/13 4:45,2.9,29.44,104.54,8,四川内江市威远县
2019/7/13 8:57,6,29.15,128.26,230,东海海域
2019/7/14 13:39,6.7,-18.25,120.27,10,澳大利亚西部海域
2019/7/14 17:10,7.1,-0.52,128.17,10,印度尼西亚哈马黑拉岛
2019/7/14 17:43,5.9,-0.81,127.8,10,印度尼西亚巴占岛
2019/7/14 18:17,3,28.38,104.83,7,四川宜宾市长宁县
2019/7/14 18:26,5.7,-0.51,127.8,10,印度尼西亚哈马黑拉岛
2019/7/14 23:13,2.9,22.46,106.58,6,广西崇左市龙州县
2019/7/14 23:44,5.1,-0.5,128.01,10,印度尼西亚哈马黑拉岛
2019/7/15 6:25,3.4,35.19,81.13,8,西藏阿里地区日土县
2019/7/15 7:01,5.3,-18.29,120.3,10,澳大利亚西部海域
2019/7/15 16:21,6.1,-5.95,149.45,60,巴布亚新几内亚
2019/7/15 16:48,2.9,28.2,104.77,8,四川宜宾市珙县
2019/7/16 1:41,4.1,31.8,91.18,8,西藏那曲市安多县
2019/7/16 8:18,5.7,-9.05,114.47,90,印尼巴厘海以南海域
2019/7/16 18:12,3,28.42,104.83,5,四川宜宾市长宁县
2019/7/16 19:12,3.7,24.22,122.49,60,台湾花莲县海域
2019/7/17 6:03,5.6,12.37,144.73,10,马里亚纳群岛以南
2019/7/17 11:46,3.2,26.59,100.17,10,云南大理州鹤庆县
2019/7/17 19:43,3,39.4,74.7,8,新疆克孜勒苏州乌恰县
2019/7/18 14:15,3,41.32,83.74,8,新疆阿克苏地区库车县
2019/7/18 17:18,3,28.42,104.78,7,四川宜宾市珙县
2019/7/19 1:21,3.2,28.14,104.74,11,四川宜宾市筠连县
2019/7/19 5:51,3.3,45.28,124.72,10,吉林松原市宁江区
2019/7/19 17:22,5.6,27.67,92.89,10,西藏山南市错那县
2019/7/19 17:52,3.8,27.66,92.82,8,西藏山南市错那县
2019/7/19 18:07,3,27.74,92.81,8,西藏山南市错那县
2019/7/19 19:13,5.1,38.1,23.55,10,希腊
2019/7/20 6:54,4.8,27.76,92.86,10,西藏山南市错那县
2019/7/21 4:43,5.6,-6.01,149.5,60,巴布亚新几内亚
2019/7/21 6:51,3,23.34,101.97,8,云南红河州红河县
2019/7/21 20:23,4.9,26.16,100.62,10,云南丽江市永胜县
2019/7/21 22:51,3.4,26.19,100.59,14,云南丽江市永胜县
2019/7/22 1:25,5.1,12.33,144.45,40,马里亚纳群岛以南
2019/7/22 1:35,5.5,12.25,144.41,40,马里亚纳群岛以南
2019/7/22 12:06,4.7,20.96,120.74,30,台湾屏东县海域
2019/7/22 16:19,3,28.38,104.84,8,四川宜宾市长宁县
2019/7/22 16:26,4.1,28.35,104.91,9,四川宜宾市长宁县
2019/7/22 18:06,5.3,-3.33,131.01,30,印尼塞兰岛附近海域
2019/7/22 20:32,4.6,42.69,87.76,8,新疆巴音郭楞州和硕县
2019/7/23 4:46,5,25.08,124.36,130,琉球群岛西南部
2019/7/23 14:56,4,28.74,96.06,6,西藏林芝市察隅县
2019/7/23 22:25,3,28.38,104.94,6,四川宜宾市长宁县
2019/7/24 1:17,2.6,37.5,114.37,4,河北邢台市临城县
2019/7/24 4:23,2.8,33.96,104.68,12,甘肃陇南市宕昌县
2019/7/24 17:54,2.9,21.75,111.81,15,广东阳江市江城区
2019/7/24 21:12,2.5,35.29,110.97,5,山西运城市盐湖区
2019/7/25 16:27,2.8,23.15,101.16,8,云南普洱市宁洱县
2019/7/26 11:24,4.3,34.4,92.68,10,青海玉树州治多县
2019/7/26 14:39,4,24.77,121.8,60,台湾宜兰县
2019/7/27 4:16,5.3,20.83,121.78,20,巴坦群岛海域
2019/7/27 5:39,2.9,37.82,100.97,10,青海海北州祁连县
2019/7/27 7:37,5.9,20.8,121.96,10,巴坦群岛海域
2019/7/27 9:24,5.5,20.74,121.88,10,巴坦群岛海域
2019/7/28 2:21,2.8,27.4,104.21,12,云南昭通市彝良县
2019/7/28 2:31,6.4,33.1,137.35,380,日本本州南岸近海
2019/7/29 4:14,3,30.84,103.24,17,四川成都市崇州市
2019/7/30 1:04,3.8,28.17,104.74,8,四川宜宾市珙县
2019/7/30 4:37,5.5,32.83,140.77,70,日本本州东岸远海
2019/7/30 5:16,3.3,27.15,102.87,15,四川凉山州宁南县
2019/7/31 12:16,3,40.78,83.56,10,新疆阿克苏地区沙雅县
2019/7/31 13:54,5.8,13.23,-89.35,70,萨尔瓦多附近海域
2019/7/31 23:02,6.7,-16.2,167.93,190,瓦努阿图群岛
2019/8/1 9:22,5.3,-19.85,133.84,10,澳大利亚北部地区
2019/8/1 16:50,4.2,23.36,118.58,11,台湾海峡
2019/8/1 17:13,3.4,31.07,95.16,10,西藏昌都市边坝县
2019/8/2 2:28,6.7,-34.21,-72.28,10,智利中部沿岸近海
2019/8/2 2:44,2.9,45.28,124.77,7,吉林松原市宁江区
2019/8/2 4:01,5.5,-34.28,-72.29,10,智利中部沿岸近海
2019/8/2 20:03,6.8,-7.25,104.75,30,印尼苏门答腊岛南部海域
2019/8/2 21:53,4.5,23.66,121.61,7,台湾花莲县海域
2019/8/3 6:24,4.8,23.63,121.58,5,台湾花莲县海域
2019/8/3 17:21,3,41.94,81.79,10,新疆阿克苏地区拜城县
2019/8/3 19:16,3,27.38,101.39,19,四川凉山州盐源县
2019/8/4 2:11,5.1,52.26,-165.75,10,阿留申群岛以南海域
2019/8/4 14:26,3,38.5,90.22,10,新疆巴音郭楞州若羌县
2019/8/4 18:23,6.2,37.78,141.81,40,日本本州东岸近海
2019/8/5 3:04,5.2,36.65,71.24,230,阿富汗
2019/8/5 3:51,5.1,30.65,50.86,30,伊朗
2019/8/5 17:01,5.8,-18.58,-174.53,40,汤加群岛
2019/8/6 9:19,4.9,23.61,121.7,13,台湾花莲县海域
2019/8/6 9:31,4.5,23.64,121.62,10,台湾花莲县海域
2019/8/6 10:49,2.7,23.19,113.66,13,广东广州市增城区
2019/8/7 6:14,5.8,-17.98,168.73,150,瓦努阿图群岛
2019/8/7 10:58,3,41.15,83.72,8,新疆阿克苏地区库车县
2019/8/7 19:25,3,33.58,105.73,12,甘肃陇南市成县
2019/8/8 5:28,6.4,24.52,121.96,30,台湾宜兰县海域
2019/8/8 8:45,5.9,36.55,70.12,220,阿富汗
2019/8/8 19:25,5.8,37.94,29.63,20,土耳其
2019/8/9 2:04,3.7,38.31,75.17,120,新疆克孜勒苏州阿克陶县
2019/8/9 9:22,3.2,32.44,87.4,6,西藏那曲市双湖县
2019/8/9 10:54,5.4,-5.21,151.22,130,新不列颠岛地区
2019/8/9 15:23,4.9,37.69,101.59,9,青海海北州门源县
2019/8/9 21:05,3.9,41.14,83.41,15,新疆阿克苏地区库车县
2019/8/10 14:43,5.1,37.11,71.62,100,塔吉克斯坦
2019/8/11 5:11,5.1,-0.85,99.34,50,印尼苏门答腊岛南部
2019/8/11 10:13,4.1,30.37,94.85,7,西藏林芝市波密县
2019/8/11 19:07,3.8,30.41,94.86,7,西藏林芝市波密县
2019/8/12 5:27,3,43.55,89.58,10,新疆昌吉州奇台县
2019/8/12 11:32,3.7,30.37,94.85,7,西藏林芝市波密县
2019/8/13 0:30,3.6,35.96,81.96,6,新疆和田地区于田县
2019/8/13 1:47,3.2,28.22,100.62,13,四川凉山州木里县
2019/8/13 6:09,4.1,38.51,90.2,6,新疆巴音郭楞州若羌县
2019/8/13 6:31,4.1,28.36,104.87,12,四川宜宾市长宁县
2019/8/14 16:13,4.3,30.37,94.82,8,西藏林芝市波密县
2019/8/15 5:35,5.7,20.52,-109.25,20,墨西哥雷维亚希赫多群岛地区
2019/8/15 7:47,4.3,30.38,94.85,8,西藏林芝市波密县
2019/8/15 13:26,2.9,28.41,104.8,9,四川宜宾市珙县
2019/8/15 13:32,5.3,40.85,141.3,100,日本本州岛
2019/8/15 20:40,3.7,31.93,85.01,7,西藏阿里地区改则县
2019/8/17 3:58,3.3,39.61,77.1,21,新疆喀什地区伽师县
2019/8/17 22:52,4.1,23.74,121.54,9,台湾花莲县
2019/8/18 4:48,4.3,23.37,118.56,15,台湾海峡
2019/8/18 11:24,5.2,18.48,94.46,30,缅甸
2019/8/18 12:05,5,23.74,121.57,6,台湾花莲县
2019/8/18 20:41,3.3,28.42,104.78,8,四川宜宾市珙县
2019/8/19 2:00,5.6,16.55,146.61,30,马里亚纳群岛
2019/8/20 9:08,3.6,30.36,94.87,7,西藏林芝市波密县
2019/8/20 10:48,3.2,18.51,109.41,9,海南三亚市天涯区
2019/8/20 19:17,4.2,18.51,109.41,12,海南三亚市天涯区
2019/8/20 19:25,3.1,38.83,74.88,7,新疆克孜勒苏州阿克陶县
2019/8/20 21:03,5.9,-11.35,166.24,60,圣克鲁斯群岛
2019/8/21 17:24,5.4,-5.98,154.65,80,所罗门群岛
2019/8/22 1:20,3.1,37.24,101.82,10,青海海北州门源县
2019/8/23 3:27,5.9,-14.55,-177.26,10,斐济群岛地区
2019/8/23 6:54,5.6,-12.58,167.03,220,圣克鲁斯群岛
2019/8/23 16:08,3.2,39.5,113.99,5,山西大同市灵丘县
2019/8/23 18:44,5.1,-11.66,166.32,60,圣克鲁斯群岛
2019/8/23 21:28,3,38.35,75.12,133,新疆克孜勒苏州阿克陶县
2019/8/24 23:51,6,-14.35,167.11,120,瓦努阿图群岛
2019/8/25 13:56,3.2,25.11,99.51,9,云南保山市昌宁县
2019/8/27 17:57,3.4,29,86.59,7,西藏日喀则市聂拉木县
2019/8/28 7:55,6.8,-60.17,-26.54,20,南桑威奇群岛地区
2019/8/29 7:46,6,41.15,143.05,20,日本北海道附近海域
2019/8/29 15:30,3.4,25.89,100.07,11,云南大理州大理市
2019/8/29 23:07,6.2,43.64,-127.96,10,美国俄勒冈州沿岸远海
2019/8/30 20:11,3.3,41.88,83.01,10,新疆阿克苏地区库车县
2019/8/31 6:24,3.9,23.34,101.99,8,云南玉溪市元江县
2019/8/31 10:09,3.7,40.88,83.12,6,新疆阿克苏地区沙雅县
2019/8/31 13:46,3.8,35.49,88.4,6,西藏那曲地区双湖县
2019/8/31 14:40,3.9,42.4,89.14,21,新疆吐鲁番市高昌区
2019/8/31 15:50,4.1,23.09,121.64,10,台湾台东县海域
2019/8/31 17:15,3.1,41.9,83,7,新疆阿克苏地区库车县
2019/8/31 23:09,5.4,22.73,95.51,10,缅甸
2019/9/1 9:04,3.1,28.51,98.88,9,云南迪庆州德钦县
2019/9/1 23:54,6.4,-20.23,-178.43,600,斐济群岛地区
2019/9/2 0:23,3.3,35.89,104.18,13,甘肃兰州市榆中县
2019/9/2 1:19,3.1,29.07,95.81,6,西藏林芝市墨脱县
2019/9/3 6:45,5.8,23.84,-45.15,10,中大西洋海岭北部
2019/9/3 8:47,4.3,23.71,121.6,7,台湾花莲县海域
2019/9/4 17:48,5.5,-18.91,-176.32,10,汤加群岛
2019/9/5 15:26,3.2,41.67,88.69,10,新疆吐鲁番市托克逊县
2019/9/5 18:31,3,46.73,83.31,10,新疆塔城地区塔城市
2019/9/5 21:58,5.2,14.77,116.16,20,南海海域
2019/9/5 23:02,5.8,43.82,-128.06,10,美国俄勒冈州沿岸远海
2019/9/6 15:25,3.9,28.44,104.8,7,四川宜宾市长宁县
2019/9/6 23:27,5.9,-20.18,168.95,20,瓦努阿图群岛
2019/9/7 13:31,3.1,38.34,75.39,127,新疆克孜勒苏州阿克陶县
2019/9/7 23:24,3,43.79,83.55,10,新疆伊犁州尼勒克县
2019/9/8 6:36,3,29.59,104.82,9,四川内江市资中县
2019/9/8 6:42,5.4,29.55,104.79,10,四川内江市威远县
2019/9/8 10:36,4.3,29.51,104.53,7,四川内江市威远县
2019/9/9 8:32,3.3,32.87,95.81,8,青海玉树州杂多县
2019/9/9 13:07,4.3,21.17,121.48,90,台湾屏东县东部海域
2019/9/10 1:27,4,29.51,104.49,11,四川自贡市荣县
2019/9/10 1:44,2.7,27.12,103.13,5,云南昭通市巧家县
2019/9/10 13:39,5.5,6.55,126.65,50,菲律宾棉兰老岛附近海域
2019/9/10 14:08,4.6,24,121.88,9,台湾花莲县海域
2019/9/10 16:41,2.4,43.82,87.76,46,新疆乌鲁木齐市米东区（有感）
2019/9/10 18:14,2.9,29.6,104.82,10,四川内江市资中县
2019/9/11 4:32,5.4,57.18,-139.52,20,美国阿拉斯加州附近海域
2019/9/11 7:32,5.5,4.02,126.72,30,印尼塔劳群岛
2019/9/12 5:25,3.1,39.06,74.42,6,新疆克孜勒苏州阿克陶县
2019/9/12 14:19,2.9,35.22,115.29,10,山东菏泽市牡丹区
2019/9/12 20:17,4,28.41,104.78,10,四川宜宾市珙县
2019/9/13 3:29,3,39.34,113.1,5,山西忻州市代县
2019/9/13 12:08,5.1,50.55,87.39,10,俄罗斯西伯利亚西南部
2019/9/13 16:02,2.7,24.51,102.49,7,云南昆明市晋宁区
2019/9/13 18:34,3.3,26.13,101.92,13,四川凉山州会理县
2019/9/14 4:50,2.9,21.73,111.79,11,广东阳江市江城区
2019/9/14 10:33,3.1,44.27,83.25,7,新疆博尔塔拉州精河县
2019/9/15 0:21,5.8,-0.95,128.62,10,印度尼西亚哈马黑拉岛海域
2019/9/15 12:42,2.7,34.99,111.9,7,河南三门峡市渑池县
2019/9/15 18:12,3.1,40.76,78.77,6,新疆阿克苏地区柯坪县
2019/9/16 0:13,4.1,42.32,84.31,21,新疆巴音郭楞州轮台县
2019/9/16 0:34,3.9,42.31,84.32,20,新疆巴音郭楞州轮台县
2019/9/16 5:44,3.8,39.54,77.26,19,新疆喀什地区伽师县
2019/9/16 20:48,5,38.6,100.35,11,甘肃张掖市甘州区
2019/9/16 20:53,3.9,38.48,100.22,10,甘肃张掖市肃南县
2019/9/17 0:14,3.3,31.76,103.18,19,四川阿坝州理县
2019/9/17 6:27,2.9,38.51,100.25,12,甘肃张掖市肃南县
2019/9/18 10:54,5.2,44.2,148.35,80,千岛群岛
2019/9/18 15:01,5.3,5.37,126.56,20,棉兰老岛附近海域
2019/9/19 15:32,5.6,-6.1,111.9,610,印尼爪哇岛
2019/9/19 16:09,3,22.73,100.5,11,云南普洱市思茅区
2019/9/20 3:43,4.5,41.26,83.79,10,新疆阿克苏地区库车县
2019/9/20 13:28,5.2,-18.32,-172.21,10,汤加群岛地区
2019/9/20 22:25,3.3,41.16,83.64,16,新疆阿克苏地区库车县
2019/9/21 0:33,3.5,28.26,102.23,17,四川凉山州冕宁县
2019/9/21 3:24,3,29.35,114.09,7,湖北咸宁市崇阳县
2019/9/21 22:04,5.5,41.37,19.47,20,阿尔巴尼亚
2019/9/21 22:15,5.5,41.38,19.45,20,阿尔巴尼亚
2019/9/22 3:53,5.7,-6.62,130.46,80,印尼班达海
2019/9/22 11:41,1.5,28.9,106.91,5,重庆綦江区（有感）
2019/9/22 15:24,3.1,38.08,120.44,8,山东烟台市长岛县海域
2019/9/23 10:09,3.1,35.73,95.74,7,青海海西州都兰县
2019/9/23 17:36,3.2,29.26,94.97,6,西藏林芝市墨脱县
2019/9/24 11:23,6,19.04,-67.28,10,莫纳海峡
2019/9/24 19:01,6,33.15,73.78,10,克什米尔地区
2019/9/25 5:19,5.9,-33.76,56.34,10,西南印度洋海岭
2019/9/25 20:41,3.1,47.29,121.23,10,内蒙古呼伦贝尔市扎兰屯市
2019/9/26 4:35,2.9,29.58,104.8,11,四川内江市资中县
2019/9/26 7:46,6.4,-3.48,128.47,20,印尼塞兰岛附近海域
2019/9/26 8:40,5.4,-3.55,128.55,20,印尼塞兰岛附近海域
2019/9/26 18:59,5.7,40.93,28.14,10,土耳其
2019/9/26 23:41,3.1,45.22,124.68,9,吉林松原市宁江区
2019/9/27 0:36,6,-40.75,-71.99,110,智利
2019/9/27 1:17,4.5,37.93,88.75,8,新疆巴音郭楞州若羌县
2019/9/27 18:58,4.8,37.84,88.78,10,新疆巴音郭楞州若羌县
2019/9/27 20:05,6.1,-29.97,-178.01,30,新西兰克马德克群岛海域
2019/9/28 11:27,3.1,39.89,114.57,19,河北张家口市蔚县
2019/9/29 10:02,6.2,5.64,126.61,70,棉兰老岛附近海域
2019/9/29 16:16,3,38.14,75.61,103,新疆克孜勒苏州阿克陶县
2019/9/29 23:57,6.7,-35.51,-73.12,10,智利中部沿岸近海
2019/9/30 14:04,4.1,40.9,83.48,20,新疆阿克苏地区沙雅县
2019/9/30 19:53,5.6,-22.21,-68.66,110,智利
2019/9/30 20:24,4.1,40.22,76.15,19,新疆克孜勒苏州阿图什市
2019/9/30 20:45,3.1,48.95,117.54,12,内蒙古呼伦贝尔市新巴尔虎右旗
2019/10/1 4:51,3.9,30.61,100.39,13,四川甘孜州新龙县
2019/10/2 20:04,4.9,28.4,108.38,10,贵州铜仁市沿河县
2019/10/3 20:08,3,37.36,75.42,6,新疆喀什地区塔什库尔干县
2019/10/3 21:07,3.2,42.2,84.34,22,新疆巴音郭楞州轮台县
2019/10/3 21:47,2.9,32.85,111.57,5,河南南阳市淅川县
2019/10/3 22:33,5.5,-2.64,138.48,50,印尼巴布亚省
2019/10/4 23:06,2.8,45.23,124.69,9,吉林松原市宁江区
2019/10/5 11:48,5.1,52,178.16,130,拉特群岛
2019/10/6 18:40,5.6,-21.91,-68.45,90,智利
2019/10/7 21:39,3,44.99,80.83,22,新疆博尔塔拉州温泉县
2019/10/8 1:17,4.3,24.7,122.48,7,台湾宜兰县海域
2019/10/8 22:21,3,39.84,77.17,10,新疆喀什地区伽师县
2019/10/9 23:41,3.3,29.57,104.82,14,四川内江市威远县
2019/10/10 11:18,5.5,-57.95,157.45,10,麦夸里岛地区
2019/10/11 0:26,2.1,38.31,90.9,9,青海海西州茫崖市（有感）
2019/10/11 8:42,3.9,41.09,83.6,13,新疆阿克苏地区沙雅县
2019/10/12 1:02,3.2,41.29,83.88,11,新疆阿克苏地区库车县
2019/10/12 20:07,3.3,44.16,83.65,8,新疆塔城地区乌苏市
2019/10/12 22:11,3,29.74,101.09,8,四川甘孜州雅江县
2019/10/12 22:55,5.2,22.18,110.51,10,广西玉林市北流市
2019/10/14 3:35,4.9,-0.12,124.84,70,印尼马鲁古海
2019/10/14 8:33,3,37.61,112.48,8,山西太原市清徐县
2019/10/15 1:23,3.5,24.57,99.03,8,云南保山市龙陵县
2019/10/15 6:23,5.9,-4.5,101.2,10,印尼苏门答腊南部海域
2019/10/16 0:18,3.8,38.64,103.78,17,甘肃武威市民勤县
2019/10/16 2:36,3,26.04,100.33,5,云南大理州鹤庆县
2019/10/16 19:37,6.3,6.81,125.15,10,菲律宾棉兰老岛
2019/10/16 20:09,5.4,6.82,125.1,10,菲律宾棉兰老岛
2019/10/17 11:05,3.4,35.94,77.49,10,新疆喀什地区叶城县
2019/10/17 19:44,5.1,24.02,122.58,16,台湾花莲县海域
2019/10/18 3:34,5.3,-2.95,141.66,20,巴布亚新几内亚
2019/10/18 8:58,5.2,66.21,-157.2,10,美国阿拉斯加
2019/10/18 21:09,5.2,66.35,-157.3,10,美国阿拉斯加
2019/10/19 19:10,2.8,28.42,104.75,7,四川宜宾市珙县
2019/10/21 8:25,3.7,28.32,104.94,14,四川宜宾市长宁县
2019/10/21 10:52,6.5,-19.05,169.5,230,瓦努阿图群岛
2019/10/21 11:52,3,30.07,101.89,8,四川甘孜州康定市
2019/10/21 13:44,2.3,43.79,88.57,24,新疆乌鲁木齐市达坂城区(有感)
2019/10/21 18:58,5.5,27.12,55.01,10,伊朗
2019/10/21 22:07,3.7,42.05,84.53,19,新疆巴音郭楞州轮台县
2019/10/22 21:19,3.9,36.32,78.17,90,新疆和田地区皮山县
2019/10/23 0:41,3.1,37.71,92.51,7,青海海西州茫崖市
2019/10/23 11:50,5.2,-2.71,138.31,10,印尼巴布亚省
2019/10/24 0:08,6.3,-1.08,-13.82,10,阿森松岛以北海域
2019/10/24 15:37,3.2,37.93,86.15,10,新疆巴音郭楞州且末县
2019/10/24 18:50,5.4,-17.72,-172.85,10,汤加群岛地区
2019/10/24 21:38,5.6,1.2,124.2,250,印尼米纳哈萨半岛附近海域
2019/10/25 6:03,3.3,42.24,86.89,10,新疆巴音郭楞州和硕县
2019/10/26 8:41,5.4,52.35,-170.23,30,福克斯群岛
2019/10/26 22:08,3,29.56,98.85,7,西藏昌都市芒康县
2019/10/27 6:30,3.1,44.68,80.8,9,新疆博尔塔拉州博乐市
2019/10/27 8:39,3.1,26.2,104.49,10,云南曲靖市宣威市
2019/10/27 11:37,2.8,40.46,114.35,11,河北张家口市怀安县
2019/10/27 13:29,5,41.21,78.82,11,新疆阿克苏地区乌什县
2019/10/27 13:33,3,41.09,78.85,10,新疆阿克苏地区乌什县
2019/10/27 18:52,4.5,41.18,78.83,9,新疆阿克苏地区乌什县
2019/10/28 1:09,3.4,26.21,104.55,7,贵州六盘水市盘州市
2019/10/28 1:56,5.7,35.1,102.69,10,甘肃甘南州夏河县
2019/10/28 10:53,3,35.09,102.67,12,甘肃甘南州夏河县
2019/10/28 12:14,2,40.33,114.98,12,河北张家口市涿鹿县
2019/10/29 9:04,6.6,6.8,125.15,10,菲律宾棉兰老岛
2019/10/29 10:42,5.8,6.85,125.12,10,菲律宾棉兰老岛
2019/10/29 16:44,5.8,-6.25,154.85,40,巴布亚新几内亚布干维尔岛附近海域
2019/10/30 2:26,3,41.19,78.81,10,新疆阿克苏地区乌什县
2019/10/30 19:04,4,37,75.85,10,新疆喀什地区塔什库尔干县
2019/10/31 9:11,6.6,7.05,125.25,10,菲律宾棉兰老岛
2019/10/31 16:03,3.6,29.07,102.35,15,四川雅安市石棉县
2019/11/1 3:37,3.5,24.39,102.77,12,云南玉溪市江川区
2019/11/1 10:29,3.6,33.24,93.75,7,青海玉树州杂多县
2019/11/1 15:33,3.3,32.48,117.59,10,安徽滁州市定远县
2019/11/2 6:36,4.6,35.2,88.99,11,西藏那曲市安多县
2019/11/2 17:05,3.1,40.35,106.85,10,内蒙古巴彦淖尔市磴口县
2019/11/3 2:08,6.1,-55.55,-26.27,40,南桑威奇群岛地区
2019/11/3 3:26,4.2,24.38,122.06,23,台湾宜兰县海域
2019/11/3 10:11,3,26.09,99.58,11,云南大理州洱源县
2019/11/3 21:23,5.7,-29.12,-67.7,100,阿根廷
2019/11/4 5:29,2.9,26.09,99.59,11,云南大理州洱源县
2019/11/4 21:21,3,40.7,122.67,8,辽宁鞍山市海城市
2019/11/5 5:53,5.9,-31.81,-71.34,50,智利
2019/11/5 6:43,6.6,-18.56,-175.24,10,汤加群岛
2019/11/5 13:29,3,36.71,80.2,7,新疆和田地区洛浦县
2019/11/5 17:57,3.6,40.74,78.78,8,新疆阿克苏地区柯坪县
2019/11/6 4:52,5.9,-58.15,-9.55,10,南桑威奇群岛以东海域
2019/11/6 7:17,5.9,-13.75,167.75,10,瓦努阿图群岛
2019/11/6 8:39,6,-13.52,167.9,10,瓦努阿图群岛
2019/11/6 15:40,5.3,27.22,54.92,10,伊朗
2019/11/7 4:52,5.4,14.93,122.68,20,菲律宾附近海域
2019/11/7 5:46,3.2,28.38,104.9,16,四川宜宾市长宁县
2019/11/7 17:26,3,41.09,83.39,15,新疆阿克苏地区沙雅县
2019/11/8 6:47,5.8,37.7,47.53,10,伊朗
2019/11/8 17:41,5.8,-15.85,-172.91,10,萨摩亚群岛地区
2019/11/8 18:44,6.5,-21.95,-179.5,600,斐济群岛地区
2019/11/9 14:05,3,38.42,90,7,新疆巴音郭楞州若羌县
2019/11/9 16:32,5.4,14.52,-90.32,200,危地马拉
2019/11/10 0:55,3.2,41.07,97.26,15,甘肃酒泉市肃北县
2019/11/10 6:46,4.1,28.17,104.99,8,四川宜宾市兴文县
2019/11/10 18:46,5.2,40.28,143.95,10,日本本州东岸远海
2019/11/10 21:28,3.4,28.43,104.76,10,四川宜宾市珙县
